Type,Name,Request Count,Failure Count,Median Response Time,Average Response Time,Min Response Time,Max Response Time,Average Content Size,Requests/s,Failures/s,50%,66%,75%,80%,90%,95%,98%,99%,99.9%,99.99%,100%
GET,GET /api/order/all,146,0,10000.0,11536.040699315085,1390.175900000031,22882.288400000107,552225.0,3.1108814981860324,0.0,10000,16000,17000,18000,19000,21000,22000,23000,23000,23000,23000
GET,GET /api/order/{id},108,0,3500.0,8215.251466666783,891.4096999978938,20703.341200001887,435.212962962963,2.301200012356791,0.0,4200,13000,15000,16000,17000,20000,20000,21000,21000,21000,21000
POST,POST /api/order/create,59,0,9100.0,8925.395140678042,808.9772000021185,20558.220799997798,326.64406779661016,1.2571370437875062,0.0,9100,15000,16000,16000,17000,19000,20000,21000,21000,21000,21000
POST,POST /auth/login,473,0,3700.0,7721.377858985296,1464.6658999990905,22453.391300001385,239.0,10.078403757821873,0.0,3700,9500,11000,16000,19000,21000,22000,22000,22000,22000,22000
,Aggregated,786,0,4000.0,8588.192291475914,808.9772000021185,22882.288400000107,102804.29007633588,16.747622312152203,0.0,4000,10000,16000,17000,19000,21000,22000,22000,23000,23000,23000
