Type,Name,Request Count,Failure Count,Median Response Time,Average Response Time,Min Response Time,Max Response Time,Average Content Size,Requests/s,Failures/s,50%,66%,75%,80%,90%,95%,98%,99%,99.9%,99.99%,100%
GET,GET /api/order/all,175,0,3600.0,4217.316614285749,323.0139000006602,11354.446299999836,508892.17714285717,5.683933861042734,0.0,3600,5900,6800,7200,8100,8900,9800,10000,11000,11000,11000
GET,GET /api/order/{id},115,0,4200.0,4033.8583808695967,112.0470000023488,9912.498800000321,434.7304347826087,3.7351565372566533,0.0,4200,5800,6300,6500,7000,8600,9400,9800,9900,9900,9900
POST,POST /api/order/create,66,0,2000.0,3172.3084954546443,111.0621000007086,8061.455300001398,326.530303030303,2.143655056164688,0.0,2000,5700,6000,6000,6500,6700,8100,8100,8100,8100,8100
POST,POST /auth/login,605,0,4300.0,6631.581136528956,323.60520000293036,27305.484700002125,239.0,19.650171348176308,0.0,4300,6400,8300,11000,16000,21000,25000,27000,27000,27000,27000
,Aggregated,961,0,4100.0,5643.499552133233,111.0621000007086,27305.484700002125,92895.18314255984,31.212916802640382,0.0,4100,5900,7000,8100,13000,16000,25000,27000,27000,27000,27000
