Type,Name,Request Count,Failure Count,Median Response Time,Average Response Time,Min Response Time,Max Response Time,Average Content Size,Requests/s,Failures/s,50%,66%,75%,80%,90%,95%,98%,99%,99.9%,99.99%,100%
GET,GET /api/order/all,342,0,11,17.517789181277013,7.231100000353763,376.0309999997844,113432.30994152046,11.679229468442271,0.0,11,13,16,18,26,34,96,150,380,380,380
GET,GET /api/order/{id},212,0,6,9.31515424515553,4.05759999921429,414.8707000022114,434.3820754716981,7.2397562786835135,0.0,6,7,8,9,11,14,17,27,410,410,410
POST,POST /api/order/create,124,0,7,10.87829193549565,4.896300000837073,101.90570000122534,326.48387096774195,4.234574427154508,0.0,7,8,10,11,19,31,43,56,100,100,100
POST,POST /auth/login,100,0,380.0,332.0345190002263,129.8685999972804,485.6504000017594,239.0,3.4149793767375063,0.0,380,400,420,420,440,450,470,490,490,490,490
,Aggregated,778,0,10,54.65071555269126,4.05759999921429,485.6504000017594,50064.682519280206,26.5685395510178,0.0,10,12,16,24,240,390,430,450,490,490,490
