Type,Name,Request Count,Failure Count,Median Response Time,Average Response Time,Min Response Time,Max Response Time,Average Content Size,Requests/s,Failures/s,50%,66%,75%,80%,90%,95%,98%,99%,99.9%,99.99%,100%
GET,GET /api/order/all,549,0,21,177.7743455373317,9.485799997491995,2487.892000001011,177032.72495446267,19.194653928786455,0.0,21,31,57,110,530,990,2300,2500,2500,2500,2500
GET,GET /api/order/{id},347,0,9,144.09905734895074,4.141000001254724,2465.673299997434,434.700288184438,12.13214009706539,0.0,9,14,20,37,510,980,1500,2200,2500,2500,2500
POST,POST /api/order/create,171,0,10,118.54731052630065,4.884599999058992,2454.2123999999603,326.8362573099415,5.978662699130207,0.0,10,16,39,53,230,820,1300,2300,2500,2500,2500
POST,POST /auth/login,200,0,1900.0,1970.6170169998754,262.5826999974379,4426.5551999997115,239.0,6.992587952199073,0.0,1900,2400,2500,2700,3200,3800,4300,4400,4400,4400,4400
,Aggregated,1267,0,20,443.5639164167759,4.141000001254724,4426.5551999997115,76910.41515390687,44.298044677181124,0.0,20,59,460,810,1900,2500,2900,3800,4400,4400,4400
