Type,Name,Request Count,Failure Count,Median Response Time,Average Response Time,Min Response Time,Max Response Time,Average Content Size,Requests/s,Failures/s,50%,66%,75%,80%,90%,95%,98%,99%,99.9%,99.99%,100%
GET,GET /api/order/all,183,0,6600.0,6824.990724590084,1091.9041999986803,15027.34860000055,427326.51912568306,6.122571294521969,0.0,6600,8100,9600,9900,11000,12000,13000,14000,15000,15000,15000
GET,GET /api/order/{id},105,0,7200.0,7306.621207619102,1074.447399998462,13771.818000001076,433.6,3.512950742758507,0.0,7200,9300,9500,9600,11000,13000,13000,14000,14000,14000,14000
POST,POST /api/order/create,68,0,6400.0,6339.762761764819,2453.4033999989333,13795.654300000024,326.0735294117647,2.2750538143578902,0.0,6400,7400,9100,9200,12000,12000,13000,14000,14000,14000,14000
POST,POST /auth/login,530,0,7300.0,8651.483602452765,287.39800000039395,21307.794100001047,239.0,17.73203708249532,0.0,7400,8800,13000,16000,20000,20000,21000,21000,21000,21000,21000
,Aggregated,886,0,6900.0,7937.425176636538,287.39800000039395,21307.794100001047,88482.08126410835,29.642612934133687,0.0,7000,8800,10000,12000,16000,20000,21000,21000,21000,21000,21000
