Type,Name,Request Count,Failure Count,Median Response Time,Average Response Time,Min Response Time,Max Response Time,Average Content Size,Requests/s,Failures/s,50%,66%,75%,80%,90%,95%,98%,99%,99.9%,99.99%,100%
GET,GET /api/order/all,191,0,7000.0,5940.725449738219,250.33239999902435,11244.329900000594,471952.9214659686,6.069855782443885,0.0,7000,8800,8900,9000,9600,9900,11000,11000,11000,11000,11000
GET,GET /api/order/{id},143,0,5900.0,5466.564865734495,134.06720000057248,12290.146100000129,435.2867132867133,4.544446999421338,0.0,5900,8600,8900,9100,9500,11000,11000,11000,12000,12000,12000
POST,POST /api/order/create,66,0,4500.0,4875.104322727289,145.6259999977192,9989.364799999748,326.7878787878788,2.097437076656002,0.0,4900,8500,8600,8700,9100,9300,9900,10000,10000,10000,10000
POST,POST /auth/login,733,0,9200.0,12194.4874428377,397.1231999967131,29813.912799996615,239.0,23.294263290740144,0.0,9200,17000,21000,22000,26000,28000,29000,30000,30000,30000,30000
,Aggregated,1133,0,7100.0,9864.707429479318,134.06720000057248,29813.912799996615,79789.94616063547,36.00600314926137,0.0,7100,9900,17000,19000,25000,27000,28000,29000,30000,30000,30000
