Type,Name,Request Count,Failure Count,Median Response Time,Average Response Time,Min Response Time,Max Response Time,Average Content Size,Requests/s,Failures/s,50%,66%,75%,80%,90%,95%,98%,99%,99.9%,99.99%,100%
GET,GET /api/order/all,57,0,13000.0,10732.861703508413,4399.706799998967,15669.373999997333,580161.7719298246,1.7963501431052122,0.0,13000,14000,15000,15000,15000,15000,16000,16000,16000,16000,16000
GET,GET /api/order/{id},30,0,14000.0,14211.44437666626,11754.55630000215,16907.76349999942,433.1666666666667,0.9454474437395853,0.0,14000,15000,15000,15000,15000,15000,17000,17000,17000,17000,17000
POST,POST /api/order/create,22,0,14000.0,11403.222886363437,3071.3917999964906,17227.63119999945,326.3636363636364,0.6933281254090293,0.0,14000,15000,15000,15000,15000,17000,17000,17000,17000,17000,17000
POST,POST /auth/login,329,0,8400.0,8721.646501823418,1750.1788000008673,16483.111800000188,239.0,10.36840696634412,0.0,8400,12000,14000,15000,16000,16000,16000,16000,16000,16000,16000
,Aggregated,438,0,11000.0,9494.084591323899,1750.1788000008673,17227.63119999945,75726.0890410959,13.803532678597946,0.0,11000,14000,15000,15000,15000,16000,16000,16000,17000,17000,17000
