Type,Name,Request Count,Failure Count,Median Response Time,Average Response Time,Min Response Time,Max Response Time,Average Content Size,Requests/s,Failures/s,50%,66%,75%,80%,90%,95%,98%,99%,99.9%,99.99%,100%
GET,GET /api/order/all,1050,0,310.0,609.3678780952336,25.149699999019504,3490.549699999974,289443.0714285714,34.536319157109205,0.0,310,570,890,1200,1700,2300,2800,3000,3500,3500,3500
GET,GET /api/order/{id},718,0,210.0,539.3140041782741,6.845699997938937,3460.4934999988473,434.5069637883008,23.61626395695658,0.0,210,460,750,1100,1700,2100,2600,2900,3500,3500,3500
POST,POST /api/order/create,350,0,210.0,540.1164277141548,5.749500000092667,3099.659300001804,326.45428571428573,11.512106385703067,0.0,210,480,750,1000,1600,2300,2900,3000,3100,3100,3100
POST,POST /auth/login,500,0,1800.0,2008.0769386000916,180.8908999992127,4279.563000000053,239.0,16.445866265290096,0.0,1800,2300,2600,2900,3300,3700,4000,4100,4300,4300,4300
,Aggregated,2618,0,380.0,848.0301550802112,5.749500000092667,4279.563000000053,116295.24828113064,86.11055576505895,0.0,380,1000,1500,1700,2300,2900,3300,3700,4100,4300,4300
